date,ticker,open,high,low,close,volume,sector,analyst_rating
2023-04-15,BRTV,$74.74,$76.30,$74.20,$75.64,1583940,Finance,Strong Buy
2023-03-07,BRTV,$75.68,$76.30,$74.85,$76.30,4907400,Finance,Hold
2023-02-23,ALNX,$153.52,$156.20,$150.24,$155.07,3348757,Technology,Buy
2023-08-22,ALNX,$250.41,$253.50,$246.30,$250.50,2752550,Technology,Hold
2023-04-29,BRTV,$74.04,$75.18,$73.65,$74.48,3494516,Finance,Buy
2023-05-10,CMPX,$201.20,N/A,$199.09,$203.97,1145562,Healthcare,Buy
2023-05-04,BRTV,$74.53,$75.99,$73.93,$74.37,3195592,Finance,Strong Buy
05-12-2023,CMPX,$205.39,$208.13,$200.78,$202.56,1827788,Healthcare,Sell
2023-09-01,BRTV,$109.79,$110.03,$108.55,$109.79,2088405,Finance,Buy
2023-06-17,BRTV,$101.41,$102.70,$100.64,$102.16,4665713,Finance,Hold
2023-01-07,CMPX,$206.70,$211.86,$204.06,$204.77,1195240,Healthcare,Buy
2023-03-31,ALNX,$185.09,$188.23,$183.80,$187.65,1231560,Technology,Sell
2023-03-15,CMPX,$217.17,$221.90,$215.80,$221.74,4966850,Healthcare,Sell
2023-07-05,ALNX,$207.41,$208.31,$203.73,$204.89,,Technology,Strong Buy
2023-03-25,ALNX,$191.35,$191.66,$186.63,$190.60,2795914,Technology,
2023-02-09,CMPX,$219.29,$224.35,$218.97,$221.84,4105281,Healthcare,
2023-08-02,BRTV,$111.01,$113.72,$108.65,$110.31,1354613,Finance,Sell
2023-06-15,ALNX,$145.00
2023-09-05,CMPX,$261.14,$263.83,$257.89,$263.63,4783115,Healthcare,
2023-03-16,BRTV,$75.63,$77.08,$75.13,$76.46,1947387,Finance,Buy
2023-05-18,BRTV,$82.36,$83.47,$80.60,$83.16,1972567,Finance,Sell
2023-09-16,ALNX,$242.31,$247.50,$238.92,$240.79,3334576,Technology,
2023-04-14,CMPX,$219.47,$223.18,$218.81,$220.17,4087981,Healthcare,Hold
2023-06-27,CMPX,$224.05,$226.60,$222.10,$225.07,1518854,Healthcare,
2023-05-03,CMPX,$206.11,$206.70,$201.64,$203.50,3437256,Healthcare,Sell
2023-04-22,CMPX,$213.52,$216.85,$210.35,$215.40,2793470,Healthcare,Sell
2023-09-14,CMPX,$267.97,$268.56,$266.76,$268.16,2597834,Healthcare,Hold
2023-08-26,BRTV,$108.72,$108.83,$107.83,$108.40,1071646,Finance,Hold
2023-04-22,BRTV,$71.89,$73.52,$70.13,$70.86,2054261,Finance,
2023-01-31,CMPX,$217.45,$218.66,$212.25,$215.05,2452850,Healthcare,Sell
2023-03-11,CMPX,$226.16,$229.69,$222.58,$227.44,4974735,Healthcare,
2023-02-28,CMPX,$228.38,$229.11,$227.94,$228.92,974025,Healthcare,Sell
2023-06-13,ALNX,$200.49,$202.69,$196.20,$198.64,4772163,Technology,Hold
2023-09-13,BRTV,$106.76,$109.00,$106.24,$106.93,4628968,Finance,Buy
2023-06-07,CMPX,$222.88,$225.98,$220.14,$224.39,2668060,Healthcare,Buy
2023-08-24,CMPX,$271.04,$277.28,$269.30,$276.05,3860917,Healthcare,Buy
2023-04-19,BRTV,$75.12,$75.63,$74.98,$75.49,2427525,Finance,Sell
2023-01-18,BRTV,$86.63,$88.48,$84.81,$86.59,2593042,Finance,Strong Buy
2023-06-02,CMPX,$233.71,$237.89,$228.31,$233.71,1318064,Healthcare,
2023-04-18,BRTV,$76.25,$77.85,$75.96,$76.03,3624984,Finance,
2023-05-13,ALNX,$186.66,$187.48,$182.22,$187.19,4307568,Technology,Hold
2023-05-16,ALNX,"1,200.50",$185.65,$179.02,$185.43,2604762,Technology,
2023-01-11,ALNX,$151.24,$153.04,$150.92,$152.78,3009467,Technology,
2023-01-20,ALNX,$154.12,$154.57,$150.95,$153.10,2773033,Technology,Strong Buy
2023-02-03,ALNX,$158.64,$159.56,$154.77,$155.94,4785732,Technology,
2023/04/08,ALNX,$196.00,$199.70,$192.14,$198.03,1440716,Technology,
2023-08-10,ALNX,$230.15,$235.02,$229.24,$234.74,812264,Technology,Strong Buy
2023-06-24,BRTV,$107.75,$109.32,$106.52,$108.90,3582751,Finance,Strong Buy
2023-02-08,BRTV,$80.62,$81.51,$80.36,$81.03,963845,Finance,
2023-08-19,ALNX,$244.88,$248.90,$243.44,$244.80,,Technology,Strong Buy
2023-08-08,BRTV,$108.04,$108.28,$105.92,$107.14,1185276,Finance,Strong Buy
2023-05-11,ALNX,$190.57,$195.10,$189.33,$190.86,2568388,Technology,
2023-05-10,BRTV,$77.19,$78.20,$75.57,$78.05,2093475,Finance,Hold
2023-08-22,BRTV,$107.89,"1,200.50",$105.88,$109.00,1268995,Finance,Hold
2023-03-28,CMPX,$230.30,$230.98,$227.90,$228.10,3107001,Healthcare,
2023-03-21,BRTV,$75.98,$76.17,$75.58,$76.12,3334954,Finance,Strong Buy
2023-05-09,CMPX,$198.65,$200.39,$197.07,,3182769,Healthcare,Buy
2023-01-21,CMPX,$217.06,$222.14,$216.22,$221.43,3899817,Healthcare,Sell
2023-04-01,BRTV,$74.47,$76.03,$73.09,$73.62,3391951,Finance,Sell
2023-09-09,ALNX,$236.88,$240.63,$234.83,$237.16,4120150,Technology,Sell
2023-05-04,CMPX,$202.61,$203.47,$197.90,$198.86,4533863,Healthcare,Buy
2023-01-05,CMPX,$210.84,$212.85,$208.96,$211.69,1398967,Healthcare,
2023-05-17,BRTV,$80.57,$81.52,$79.62,$81.19,1796659,Finance,Hold
2023-04-19,CMPX,$218.44,$221.65,$215.29,$220.18,4003378,Healthcare,
2023-01-19,BRTV,$85.10,$85.63,$83.09,$84.96,1311349,Finance,Sell
2023-07-26,BRTV,$117.28,$118.36,$114.69,$117.85,1908765,Finance,Strong Buy
2023-06-28,CMPX,$222.57,$224.23,$217.71,$218.93,4565173,Healthcare,
2023-01-18,CMPX,$222.96,$224.06,$217.40,$220.00,4616886,Healthcare,Sell
17/01/2023,BRTV,$84.09,$84.86,$83.73,$84.01,2395587,Finance,
2023-06-15,BRTV,$96.62,$98.33,$95.84,$96.83,2807653,Finance,
2023-02-04,ALNX,$156.13,$159.30,$154.83,$156.91,2890426,Technology,Buy
2023-04-05,ALNX,$185.86,$188.02,$182.43,$186.65,1754770,Technology,Sell
2023-08-08,ALNX,$230.52,$232.52,$229.33,$231.15,1801607,Technology,
2023-01-25,BRTV,$83.24,$84.98,$81.25,$82.49,1897394,Finance,Sell
2023-02-18,CMPX,$245.80,$247.64,$241.14,$241.92,2415514,Healthcare,Sell
2023-08-11,BRTV,$112.82,$113.16,"1,200.50",$110.65,4108058,Finance,Buy
2023-05-16,BRTV,$80.97,$81.15,$79.91,$81.00,4747568,Finance,Sell
2023-05-13,CMPX,$209.42,$212.13,$206.77,$209.44,3388225,Healthcare,Strong Buy
2023-03-18,BRTV,$77.18,$78.72,$75.28,$77.13,4615021,Finance,Sell
2023-02-01,CMPX,$216.87,$221.98,$214.97,$221.30,3324550,Healthcare,Strong Buy
2023-06-30,CMPX,$228.33,$229.63,$223.21,$225.17,4119304,Healthcare,Sell
2023-03-02,CMPX,$226.70,$227.22,$223.85,$225.95,4981663,Healthcare,Strong Buy
2023-06-20,ALNX,$207.19,$212.16,$204.62,$210.95,1423528,Technology,Buy
2023-05-11,CMPX,$201.47,$205.56,$199.75,$201.48,1412142,Healthcare,Buy
2023-05-25,ALNX,$182.15,$184.27,$178.72,$181.38,2495069,Technology,
2023/06/27,BRTV,$104.72,$105.51,$104.60,$105.05,3784760,Finance,
2023-05-19,CMPX,$226.08,$227.75,$223.99,$227.64,2708770,Healthcare,Buy
2023-08-09,ALNX,$231.89,$232.17,$227.21,$230.01,3349376,Technology,
2023-04-21,CMPX,$207.08,$211.91,$206.07,$209.87,2025150,Healthcare,Hold
2023-02-01,BRTV,$79.97,$81.33,$78.60,$80.50,1867767,Finance,Hold
2023-02-15,BRTV,$79.32,$80.66,$77.47,$79.54,906133,Finance,Strong Buy
2023-06-08,BRTV,$92.50,$93.10,$91.21,$91.50,2381088,Finance,Buy
2023-05-27,ALNX,$183.85,$187.79,$179.42,$187.13,4305473,Technology,Hold
2023-09-09,CMPX,$262.72,$267.99,$258.11,$266.44,1623907,Healthcare,Hold
2023-02-22,BRTV,$80.42,$81.61,$79.32,$80.33,2346554,Finance,Buy
2023-02-07,ALNX,$159.00,$160.97,$156.01,$157.24,3126256,Technology,
2023-04-11,ALNX,$202.24,$205.49,$199.44,$202.85,4565690,Technology,
2023-08-18,CMPX,$272.94,$279.00,$269.25,$270.11,4012965,Healthcare,Hold
2023-08-03,ALNX,$216.49,$219.89,$211.36,$217.04,2273424,Technology,Buy
2023/05/02,ALNX,$195.12,$196.96,$190.44,$196.11,3757481,Technology,
2023-08-16,BRTV,$107.11,$109.26,$104.74,$105.02,2664688,Finance,Hold
2023-04-26,ALNX,$198.00,$199.91,$197.58,$198.85,970576,Technology,Strong Buy
2023-01-21,BRTV,$83.19,$85.27,$83.10,$83.26,2588067,Finance,
2023-08-01,ALNX,$218.92,$223.15,$218.46,$222.07,940000,Technology,
2023-04-06,CMPX,$226.41,$230.67,$223.12,$226.59,1453158,Healthcare,Sell
2023-02-17,BRTV,$78.25,$79.45,$77.95,$78.78,,Finance,Buy
2023-02-25,CMPX,$231.56,$236.20,$229.08,$234.95,3221041,Healthcare,Strong Buy
2023-09-08T00:00:00,BRTV,$106.08,$106.44,$104.16,$105.38,3684583,Finance,Strong Buy
2023-08-22,CMPX,$271.55,$278.23,$267.29,$277.52,2257202,Healthcare,Hold
2023-01-25,CMPX,$216.71,$219.22,$214.96,$217.35,1738466,Healthcare,Buy
2023-01-10,ALNX,$151.51,$152.24,$150.20,$151.42,4027662,Technology,Strong Buy
2023-04-08,BRTV,$71.38,$72.36,$69.93,$71.82,3745238,Finance,Hold
2023-05-17,CMPX,$217.47,$219.74,$216.18,$217.39,3866928,Healthcare,Hold
2023-06-13,CMPX,$217.90,$220.30,$215.22,$217.19,2939058,Healthcare,Hold
2023-01-17,CMPX,$216.75,$219.16,$212.78,$214.37,1432374,Healthcare,Strong Buy
2023-03-28,BRTV,$73.18,$74.09,$72.06,$73.45,4912673,Finance,Strong Buy
2023-08-10,CMPX,$273.84,$274.51,$273.55,$274.23,1580364,Healthcare,Buy
2023-08-08,CMPX,$268.09,$271.35,$263.20,$270.09,3545599,Healthcare,Buy
2023-07-29,CMPX,$266.47,$267.58,$265.31,$266.60,3865301,Healthcare,
2023-08-17,CMPX,$272.28,$272.88,$271.51,$272.10,4113489,Healthcare,Strong Buy
2023-08-31,CMPX,$271.19,$272.48,$265.07,$266.59,2393703,Healthcare,Strong Buy
2023-07-22,BRTV,$89.10,$90.00,$88.50
2023-01-10,CMPX,$209.66,$212.57,$205.76,$210.12,1735767,Healthcare,Sell
2023-04-05,CMPX,$227.36,$232.96,$221.97,$224.22,2571959,Healthcare,Hold
2023-01-12,ALNX,$149.89,$150.11,$149.49,$150.03,3379615,Technology,Hold
2023-08-09,CMPX,$273.30,$275.18,$266.51,$270.07,2754526,Healthcare,
2023-01-04,CMPX,$215.01,$217.99,$214.66,$215.92,3259357,Healthcare,
2023-03-09,ALNX,$168.60,$171.16,$167.90,$170.75,4493556,Technology,Buy
2023-05-17,ALNX,$180.22,$182.13,$178.18,$178.95,3220966,Technology,Buy
2023-02-15,CMPX,$238.99,$239.83,$238.53,$239.36,4656573,Healthcare,Hold
2023-02-04,CMPX,$216.93,$220.89,$214.13,$219.74,4540594,Healthcare,Hold
2023-08-04,CMPX,$269.13,$273.06,$264.78,$266.89,1663228,Healthcare,
2023-03-21,ALNX,$179.66,$181.87,$177.84,$181.64,3551516,Technology,
2023-08-26,ALNX,$249.63,$254.76,$245.66,$252.34,3270589,Technology,Hold
2023-08-30,CMPX,$263.84,$269.16,$257.46,$257.69,2990497,Healthcare,Buy
2023-06-09,CMPX,$217.26,--,$216.08,$218.21,3475158,Healthcare,
2023-08-03,CMPX,$268.47,$274.04,$263.43,$267.38,3054559,Healthcare,Buy
2023-07-14,CMPX,$259.14,$261.98,$257.89,$259.89,1493491,Healthcare,
2023-07-08,BRTV,$113.46,$115.78,$110.94,$115.05,1717400,Finance,Hold
2023-02-28,BRTV,$80.46,$80.70,$78.53,$79.47,3503829,Finance,
2023-03-25,BRTV,$75.14,$75.53,$73.36,$74.97,1753359,Finance,Buy
2023-06-16,ALNX,$203.82,$208.34,$201.00,$206.89,4738371,Technology,Sell
2023-09-05,BRTV,$106.04,$107.02,$104.77,$106.95,2708515,Finance,
2023-04-13,ALNX,$204.73,$207.40,$204.32,$205.71,3680964,Technology,Buy
2023-05-06,CMPX,$202.56,$204.75,$200.29,$200.85,3459420,Healthcare,Buy
2023-05-11,BRTV,$76.97,$78.23,$75.97,$77.39,3229941,Finance,Sell
2023-08-02,ALNX,$221.47,$224.55,$216.74,$217.39,1462880,Technology,
2023-07-13,ALNX,$208.99,$212.16,$207.14,$208.71,2801293,Technology,Sell
2023-09-12,CMPX,$267.81,$273.65,$266.39,$270.13,2133557,Healthcare,Buy
2023-09-14,BRTV,$107.39,$108.38,$106.86,$107.25,1558262,Finance,Sell
2023-08-15,ALNX,$242.88,$245.82,$241.78,$242.15,3351940,Technology,
2023-05-27,BRTV,$88.95,$89.12,$88.51,$88.99,2362895,Finance,Sell
2023-01-03,ALNX,$144.15,$144.38,$141.50,$142.14,1659791,Technology,
2023-04-13,BRTV,$73.28,$73.66,$71.88,$72.66,4486137,Finance,
2023-06-23,ALNX,$199.14,$201.41,$197.91,$199.89,1599953,Technology,
2023-06-30,BRTV,$106.27,$107.14,$105.61,$106.16,2868547,Finance,Strong Buy
2023-08-10,BRTV,$109.18,$111.19,$106.72,$109.09,2797894,Finance,Strong Buy
2023-08-05,BRTV,$106.57,$107.61,$106.26,$106.50,1096651,Finance,
2023-09-12,BRTV,$108.66,$109.00,$107.10,$108.84,4215592,Finance,Strong Buy
2023-05-12,ALNX,$186.81,$188.86,--,$185.80,2005180,Technology,Sell
2023-03-18,ALNX,$177.20,$177.70,$175.98,142.5O,4133729,Technology,
2023-07-12,BRTV,$111.51,$113.93,$110.13,$112.56,4060142,Finance,
2023-07-05,CMPX,$243.88,$249.51,$241.83,$246.01,3815951,Healthcare,
2023-08-01,CMPX,$263.44,$268.21,$261.70,$264.46,4174547,Healthcare,Buy
2023-07-15,ALNX,$199.25,$203.09,$195.67,$197.71,3221542,Technology,Hold
2023-01-12,BRTV,$84.46,$86.32,$84.27,$84.45,4876783,Finance,Buy
2023-06-29,CMPX,$226.38,$229.65,$226.11,"1,200.50",2222564,Healthcare,Strong Buy
2023-03-10,CMPX,$230.45,$231.22,$228.19,$230.83,4521845,Healthcare,Hold
2023-02-23,CMPX,$238.59,$244.03,$234.33,$240.04,4397285,Healthcare,Sell
2023-02-25,ALNX,$157.01,$158.88,$155.67,$158.64,2459427,Technology,Strong Buy
2023-05-16,CMPX,$210.44,$214.93,$207.36,$214.04,3868365,Healthcare,Strong Buy
2023-06-03,CMPX,$233.58,$236.69,$230.30,$230.67,4678710,Healthcare,Sell
2023-06-21,CMPX,$219.92,$222.91,$215.69,$220.16,2917437,Healthcare,Sell
07-01-2023,BRTV,$104.02,$104.92,$103.78,$104.01,3435560,Finance,Hold
2023-03-30,CMPX,$231.56,$235.05,$228.89,$230.92,1825350,Healthcare,Strong Buy
2023-08-19,BRTV,$110.49,$111.55,$109.17,$110.32,3497813,Finance,Strong Buy
2023-04-11,CMPX,$222.42,$225.15,$220.23,$224.15,1271205,Healthcare,Sell
2023-04-06,ALNX,$189.52,$191.03,$185.33,$188.17,4412596,Technology,Hold
2023-01-07,ALNX,$154.61,$156.23,$154.14,$155.10,3021975,Technology,Hold
2023-02-03,CMPX,$214.82,$216.29,$212.83,$212.85,1694119,Healthcare,Strong Buy
2023-07-19,CMPX,$261.81,$268.06,$258.50,$267.11,1598806,Healthcare,Hold
2023-08-18,BRTV,$108.24,$110.64,$105.62,$108.73,2861792,Finance,Sell
2023-05-30,ALNX,$183.77,$186.78,$181.49,$186.19,1925750,Technology,
2023-03-01,CMPX,$226.69,$228.73,$224.67,$228.15,3566593,Healthcare,Strong Buy
2023-06-23,BRTV,$108.90,$109.61,$108.53,$109.28,4788785,Finance,Sell
2023-01-21,ALNX,$152.16,$152.79,$150.71,$151.66,1408535,Technology,Buy
2023-03-02,ALNX,$157.05,$158.29,$156.69,$157.99,1107837,Technology,Strong Buy
2023-05-25,CMPX,$227.02,$232.18,$222.57,$224.81,1640521,Healthcare,Strong Buy
2023-06-14,BRTV,$93.85,$95.46,$92.86,$95.13,2378428,Finance,
2023-01-20,BRTV,$83.21,$85.07,$81.62,$83.67,1487726,Finance,Strong Buy
2023-09-06,CMPX,$269.41,$272.58,$268.81,$269.44,2577463,Healthcare,Hold
2023-07-18,ALNX,$200.35,$205.31,$195.83,$203.70,2876445,Technology,Sell
2023-01-07,BRTV,$84.34,$85.56,$82.76,$84.40,4150414,Finance,Sell
2023-08-19,CMPX,$269.55,$269.99,$266.67,$266.77,3156634,Healthcare,Buy
2023-03-09,BRTV,$77.94,$78.87,$77.34,$77.97,2094875,Finance,Buy
2023-08-23,BRTV,$111.30,$112.92,$110.02,$110.57,4929097,Finance,
2023-02-16,CMPX,$245.52,$247.20,$242.12,$245.22,3979192,Healthcare,Sell
2023-07-20,ALNX,$209.18,$213.33,$208.56,$213.29,1864415,Technology,Hold
2023-07-25,BRTV,$120.84,$121.69,$118.90,$121.42,2188525,Finance,Buy
06/04/2023,BRTV,$72.67,$73.67,$71.25,$72.60,3770969,Finance,Buy
2023-02-11,BRTV,$80.82,$81.29,$78.84,$79.21,1858818,Finance,Strong Buy
2023-04-20,BRTV,$73.12,$74.04,$71.94,$73.90,1845872,Finance,Sell
2023-07-05,BRTV,$109.48,$109.78,$109.35,$109.56,4162196,Finance,
2023-04-21,BRTV,$71.18,$72.11,$69.80,$72.10,3944995,Finance,Hold
2023-05-26,ALNX,$180.60,$182.83,$179.04,$179.56,2124905,Technology,Strong Buy
2023-02-22,CMPX,$239.86,$245.06,$234.52,$235.21,4925069,Healthcare,Buy
2023-06-17,ALNX,$200.31,$201.62,$198.04,$198.92,3631694,Technology,Sell
2023-03-16,CMPX,$223.41,$227.10,$219.48,$222.84,3860677,Healthcare,Hold
2023-03-25,CMPX,$236.25,$240.90,$233.25,$234.08,2658494,Healthcare,
2023-09-08,CMPX,$264.85,$269.28,$261.86,$265.37,,Healthcare,Sell
2023-09-12,ALNX,$231.84,$237.49,$228.51,$235.93,3060058,Technology,Strong Buy
2023-03-04,ALNX,$165.15,$167.88,$161.63,$167.46,3248312,Technology,
2023-06-28T00:00:00,BRTV,$106.62,$107.54,$104.23,$104.25,3385934,Finance,Strong Buy
2023-03-23,ALNX,$182.64,$186.57,$178.51,$184.04,3808774,Technology,Buy
2023-05-03,BRTV,$76.23,$77.34,$75.43,$76.73,3911875,Finance,Sell
2023-06-03,BRTV,$91.91,$93.58,$90.69,$93.29,4536979,Finance,Buy
2023-09-05,ALNX,$234.70,$236.42,$233.55,$235.17,2067775,Technology,Buy
2023-03-11T00:00:00,ALNX,$175.50,$179.48,$171.31,$177.81,3260947,Technology,Sell
2023-07-19,BRTV,$118.74,$120.38,$117.47,$117.96,3254797,Finance,Sell
2023-07-12,CMPX,$256.73,$257.69,$252.48,$254.87,2247265,Healthcare,Sell
2023-06-01T00:00:00,ALNX,$188.71,$188.95,$186.95,$188.34,1321136,Technology,Buy
2023-04-27,CMPX,$213.29,$213.73,$208.98,$209.18,3401105,Healthcare,
2023-03-28,ALNX,$186.15,$189.84,$185.37,$187.70,4642339,Technology,Buy
2023-01-04,ALNX,$146.93,$147.64,$144.75,$145.55,2606182,Technology,Sell
2023-02-08,CMPX,$214.02,$214.26,$210.48,$213.33,4315005,Healthcare,
2023-03-21,CMPX,$227.91,$228.39,$222.42,$228.37,1774089,Healthcare,Buy
2023-07-13,BRTV,$109.01,$110.10,$106.65,$107.99,1956514,Finance,
2023-01-10,BRTV,$85.08,$86.12,$83.47,$84.94,896309,Finance,Buy
2023-06-28,ALNX,$198.18,$199.55,$193.58,$195.18,3987670,Technology,Hold
2023-04-27,BRTV,$76.45,$78.02,$74.65,$77.27,4639294,Finance,Buy
2023-07-18,BRTV,$117.91,$118.12,$115.71,$117.79,1529666,Finance,Strong Buy
2023-06-16,CMPX,$213.24,$216.28,$210.90,,3276252,Healthcare,Hold
2023-01-14,BRTV,$84.41,$85.06,$83.28,$84.24,4765051,Finance,Hold
2023-03-01,BRTV,$78.99,$80.18,$78.22,$79.18,1565396,Finance,Strong Buy
2023-04-28,CMPX,$212.95,$215.21,$209.87,$214.98,3644045,Healthcare,Hold
2023-07-11,ALNX,$207.82,$210.33,$206.60,$208.95,2363526,Technology,Strong Buy
2023-08-30,BRTV,$110.46,$111.57,$109.90,$111.22,2692325,Finance,Hold
2023-03-30,ALNX,$186.40,$187.98,$182.88,$187.74,4778447,Technology,Buy
2023-06-23,CMPX,$213.20,$213.79,$212.61,$213.67,1076000,Healthcare,Hold
2023-04-18,ALNX,$205.76,$210.90,$201.38,$204.20,1648430,Technology,
2023-05-09,ALNX,$198.12,$201.55,$194.81,$200.73,2326417,Technology,Hold
2023-04-14,BRTV,$73.74,$74.50,$72.34,$74.18,2061422,Finance,Sell
2023-07-20,BRTV,$117.10,$119.22,$116.50,$118.57,4094212,Finance,Strong Buy
2023-04-26,CMPX,$215.65,$217.65,$214.05,$216.31,3589368,Healthcare,Hold
2023-08-31,BRTV,$111.42,$113.17,$109.93,$110.03,2184096,Finance,
2023-04-05,BRTV,$74.28,$74.86,$73.63,,3387209,Finance,Buy
2023-07-19,ALNX,$202.58,$203.59,$198.19,$199.31,2535961,Technology,Buy
2023-07-11,CMPX,$257.89,$259.48,$253.17,$257.61,1324822,Healthcare,
2023-09-02,CMPX,$268.12,$270.78,$263.87,$265.16,1174273,Healthcare,Sell
2023-02-23,BRTV,$83.21,$83.53,$82.66,$83.19,2693200,Finance,
2023-03-23,CMPX,$230.09,$233.86,$227.64,$227.77,3597677,Healthcare,Hold
2023-03-10,BRTV,$75.79,$75.99,$75.04,$75.91,2708293,Finance,Buy
2023-07-15,CMPX,$253.29,$258.26,$251.96,$254.27,1149054,Healthcare,Strong Buy
2023-03-01,ALNX,$154.71,$157.70,$151.49,$154.71,4509689,Technology,Sell
2023-05-24,ALNX,$183.53,$186.82,$181.98,$184.35,4824882,Technology,Sell
2023-09-09,BRTV,$107.66,$107.90,$106.20,$106.66,3924259,Finance,Buy
2023-08-05,ALNX,$223.90,$224.74,$222.28,$222.29,903079,Technology,Hold
2023-09-16,BRTV,$110.01,$111.17,$107.53,$109.39,3939266,Finance,
2023-07-29,BRTV,$110.63,$112.07,$109.44,$110.83,901225,Finance,Sell
2023-01-17,ALNX,$146.35,$148.14,$145.25,,1625588,Technology,Buy
2023-06-29,ALNX,$199.38,$201.53,$194.52,$197.00,1580679,Technology,
2023-01-28,ALNX,$156.31,$159.91,$153.71,$158.80,2709209,Technology,Hold
2023-07-11,BRTV,$112.98,$115.09,$112.55,$113.69,4403350,Finance,Strong Buy
2023-06-10,ALNX,$202.37,$205.84,$1.42.50,$200.97,2001755,Technology,
2023-08-25,BRTV,$110.76,$111.29,$110.51,$111.13,4886929,Finance,Sell
2023-04-04,CMPX,$230.98,$235.39,$225.48,$226.29,4517101,Healthcare,Strong Buy
2023-03-08,BRTV,$77.62,$78.46,$76.27,$77.31,3997998,Finance,Strong Buy
2023-05-19,ALNX,$175.70,$179.37,$173.55,$177.67,3314825,Technology,Strong Buy
2023-04-07,ALNX,$190.92,$193.74,$189.40,$191.21,1766144,Technology,Strong Buy
2023-04-07,BRTV,$70.59,$71.21,$70.18,$70.82,3835440,Finance,Buy
2023-06-22,CMPX,$219.11,$221.31,$216.14,$219.43,2237669,Healthcare,Buy
2023-02-15,ALNX,$165.23,$166.59,$163.81,$166.05,1144512,Technology,Sell
2023-07-04,CMPX,142.5O,$244.64,$241.75,$244.15,1380144,Healthcare,Strong Buy
2023-08-29,ALNX,$244.43,$249.05,$239.72,$248.89,2208341,Technology,Buy
2023-01-24,CMPX,$221.02,$222.07,$216.99,$218.06,3676288,Healthcare,Hold
2023-03-07,CMPX,$223.10,$225.92,$219.30,$224.35,3964267,Healthcare,Strong Buy
2023-04-15,CMPX,$220.14,$220.46,$216.27,$220.26,3666658,Healthcare,Strong Buy
2023-06-08,ALNX,$203.98,$208.97,$201.15,$206.77,4357843,Technology,
2023-03-22,ALNX,$177.01,$179.47,$174.24,$176.18,4315890,Technology,
2023-02-11,ALNX,$161.22,$165.06,$158.06,$158.54,1137709,Technology,Buy
2023-06-17,CMPX,$217.00,$219.05,$212.30,$215.99,2343904,Healthcare,
2023-06-10,CMPX,$218.59,$219.05,$214.93,$217.58,3997356,Healthcare,
2023-07-08,CMPX,$265.78,$270.77,$262.43,$267.03,3576542,Healthcare,
2023-01-25,ALNX,$151.34,$154.59,$149.39,$150.70,1226132,Technology,Buy
2023-07-14,BRTV,$112.49,$113.91,$110.20,$111.62,4952108,Finance,Strong Buy
2023-04-13,CMPX,$225.03,$226.11,$221.42,$222.75,4229006,Healthcare,Sell
2023-08-04,BRTV,$109.53,$111.16,$106.99,$108.89,3820938,Finance,Buy
2023-03-29,BRTV,$73.39,$1.42.50,$72.95,$73.10,2603744,Finance,Strong Buy
2023-07-28,CMPX,$258.53,$262.87,$253.94,$258.56,2382481,Healthcare,Strong Buy
2023-08-09,BRTV,$106.50,$107.55,$106.32,$107.55,2439322,Finance,
2023-02-11,CMPX,$226.45,$229.74,$221.97,$227.40,3894517,Healthcare,Hold
2023-08-23,ALNX,$246.74,$248.87,$244.94,$246.35,1036613,Technology,Sell
2023-01-13,BRTV,$84.12,$85.56,$82.77,$85.28,4587340,Finance,Buy
2023-08-25,CMPX,$265.98,$272.43,$263.76,$271.81,3793269,Healthcare,Hold
2023-03-07,ALNX,$163.16,$166.42,$160.71,$166.04,3041206,Technology,Buy
2023-06-06,ALNX,$193.46,$195.49,$192.41,$194.71,1412616,Technology,Buy
2023-07-07,CMPX,$257.93,$262.71,$253.64,$256.75,,Healthcare,
2023-02-25,BRTV,$80.29,$80.80,$78.57,$79.16,1993164,Finance,Buy
2023-09-01,CMPX,$269.41,$272.44,$264.58,$269.78,4829286,Healthcare,Hold
2023-06-09,BRTV,$94.18,$95.18,$92.36,$92.97,1273486,Finance,Hold
2023-01-19,CMPX,$217.10,$220.36,$214.29,$219.47,2120641,Healthcare,Buy
2023-06-06,BRTV,$91.68,$93.31,$90.58,$90.74,1378974,Finance,Strong Buy
2023-01-24,BRTV,$82.31,$83.70,$82.11,$82.32,1768285,Finance,Buy
2023-02-07,BRTV,$81.97,$82.52,$80.79,$82.02,2767074,Finance,Sell
2023-04-29,ALNX,$192.27,$194.76,$191.73,$193.30,1492995,Technology,Strong Buy
2023-05-18T00:00:00,CMPX,$224.11,$226.05,$220.62,$223.97,3310159,Healthcare,
2023-01-27,CMPX,$208.98,$212.71,$205.67,$205.94,4748434,Healthcare,Hold
2023-08-24,ALNX,$247.78,$248.03,$247.04,$247.24,1894625,Technology,Sell
2023-01-05,ALNX,$150.98,$152.44,$147.90,$148.22,2711749,Technology,Sell
2023-01-03,BRTV,$86.05,$87.01,$83.96,$84.63,1022599,Finance,
2023-02-28,ALNX,$153.57,$156.26,--,$156.03,4998264,Technology,
2023-03-22,BRTV,$77.37,$77.73,$76.21,$76.36,4904940,Finance,
2023-09-14,ALNX,$232.85,$234.43,$229.76,$231.84,4781084,Technology,
2023-02-21,BRTV,$78.33,$79.52,$77.80,$78.83,1643274,Finance,Hold
2023-06-02,BRTV,$90.62,$92.51,$90.01,$91.71,1486777,Finance,
2023-06-14,CMPX,$221.62,$224.81,$218.63,$224.00,3593107,Healthcare,Sell
2023-01-11,CMPX,$208.47,$209.49,$208.03,$209.38,804797,Healthcare,
2023-02-09,BRTV,$80.48,$80.62,$79.12,$80.14,4191654,Finance,Hold
2023-03-14,BRTV,$77.51,$78.85,$75.87,$77.19,3698814,Finance,
2023-08-11,CMPX,$276.16,$276.85,$273.65,$274.07,3246755,Healthcare,Sell
2023-09-02,ALNX,$235.03,$236.43,$232.75,$236.35,4772598,Technology,Buy
2023-02-18,BRTV,$79.28,$80.06,$78.35,$78.94,3574878,Finance,Sell
2023-09-15,CMPX,$270.53,$276.92,$268.39,,3110042,Healthcare,Strong Buy
2023-08-01,CMPX,$218.00,$220.00,$215.00,$217.50,1200000,Healthcare,Buy,EXTRA_FIELD,ANOTHER
2023-03-04,CMPX,$223.32,$224.56,$220.95,$223.64,1945114,Healthcare,Buy
2023-08-29,CMPX,$264.02,$268.68,$259.64,$266.75,810747,Healthcare,Buy
2023-05-26,CMPX,$224.42,$224.96,$222.95,$224.26,2748004,Healthcare,
2023-02-17,CMPX,$242.00,$244.60,$239.17,$240.47,4793758,Healthcare,Strong Buy
2023-04-29,CMPX,$207.67,$211.17,142.5O,$208.32,4374520,Healthcare,Hold
2023-01-27,ALNX,$159.02,$162.71,$155.95,$157.05,2285222,Technology,Strong Buy
2023-09-13,CMPX,$275.75,$280.69,$270.67,$278.92,4129793,Healthcare,Buy
2023/03/10,ALNX,$172.89,$176.63,$170.14,$172.20,4893200,Technology,
2023-08-25,ALNX,$246.37,$252.19,$242.55,$243.52,3331389,Technology,Sell
2023-05-30,BRTV,$88.99,142.5O,$87.01,$87.41,4649653,Finance,Sell
2023-05-04,ALNX,$195.14,$195.87,$193.71,$194.79,4046285,Technology,
2023-01-26,CMPX,$213.17,$214.66,$208.37,$213.28,4208940,Healthcare,
2023-04-12,BRTV,$73.08,$74.87,$71.41,$73.47,4025272,Finance,Strong Buy
2023-08-12,CMPX,$269.77,$272.95,$265.06,$266.01,3805532,Healthcare,Hold
2023-05-26,BRTV,$86.30,$88.21,$85.13,$87.13,3209586,Finance,Sell
2023-05-31,ALNX,$185.55,$188.58,$182.72,$185.23,3550848,Technology,Buy
2023-03-08,ALNX,$168.16,$171.84,$167.91,$168.85,4012592,Technology,Hold
2023-08-18,ALNX,$245.56,$249.83,N/A,$242.46,2369937,Technology,Sell
2023-08-29,BRTV,$111.26,$113.16,$110.43,$111.35,895593,Finance,Sell
2023-01-26,ALNX,$156.10,$158.84,$152.76,$152.98,3897208,Technology,
2023-06-20,BRTV,$103.41,$104.54,$102.92,$103.29,2066928,Finance,Buy
2023-04-12,CMPX,$224.13,$229.49,$222.50,$222.79,2379067,Healthcare,Sell
2023-03-15,BRTV,$76.68,$78.04,$74.80,$77.49,4120259,Finance,Sell
2023-01-04,BRTV,$84.04,$84.89,$82.66,$83.43,3018961,Finance,Buy
2023-06-01,BRTV,$88.66,$89.09,$87.90,$89.00,3408672,Finance,Buy
2023-02-21,ALNX,$156.61,$158.78,$155.56,$156.16,2615165,Technology,Strong Buy
2023-02-08,ALNX,$161.53,$161.94,$159.07,$160.63,4287767,Technology,Buy
2023-04-25,CMPX,$211.16,$211.38,$207.67,$209.79,2371302,Healthcare,Buy
2023-03-03,ALNX,$160.10,$161.04,$158.21,$160.84,4475184,Technology,Strong Buy
2023-05-12,BRTV,$78.97,$79.65,$78.87,$79.14,4144677,Finance,Hold
2023-07-21,ALNX,$208.38,$212.34,$206.64,$211.64,4614263,Technology,Strong Buy
2023-09-07,CMPX,$268.29,$270.66,$263.36,$266.70,903715,Healthcare,
2023-08-31,ALNX,$237.10,$238.31,$233.31,$236.97,1581018,Technology,Sell
2023-04-12,ALNX,$202.84,$204.55,$199.97,$200.23,3208176,Technology,Buy
2023-01-28,CMPX,$211.43,$213.67,$211.12,$212.49,1031530,Healthcare,Buy
2023-06-15,CMPX,$219.60,$221.31,$216.57,$219.64,3387233,Healthcare,Sell
2023-06-20,CMPX,$213.58,$216.13,$208.55,$213.38,4853410,Healthcare,Strong Buy
2023-01-06,BRTV,$85.54,$86.29,$84.98,$85.05,1069276,Finance,Sell
2023-06-07,BRTV,$93.00,$94.57,$91.88,$93.64,3717305,Finance,Buy
2023-01-27,BRTV,$81.35,$82.87,$79.96,$82.67,2881777,Finance,Sell
2023-06-08,CMPX,$216.66,$220.31,$214.44,$219.94,931246,Healthcare,Hold
2023-06-29,BRTV,$107.56,$108.51,$105.87,$106.64,4053098,Finance,Buy
2023-05-24,BRTV,$86.31,$88.33,$85.65,$86.42,3985105,Finance,Strong Buy
2023-01-13,ALNX,$150.54,$152.88,$150.26,$152.69,2487377,Technology,Sell
2023-05-31,BRTV,$88.64,$88.93,$88.51,$88.71,2880769,Finance,Buy
2023-07-21,CMPX,$262.85,$268.13,142.5O,$267.83,2577138,Healthcare,Strong Buy
2023-03-03,BRTV,$75.37,$77.21,$74.59,$75.22,2128572,Finance,Sell
2023-09-13,ALNX,$229.57,$232.59,$224.58,$231.40,1042834,Technology,Hold
2023-09-15,ALNX,$235.66,$239.73,$231.29,$234.75,968211,Technology,Buy
2023-07-22,ALNX,$205.76,$210.06,$202.28,$206.78,4871309,Technology,Sell
2023-06-07,ALNX,$200.15,$202.19,$199.32,$201.92,3951143,Technology,Buy
2023-06-21,BRTV,$106.88,$107.03,$106.29,$106.79,2303799,Finance,Buy
2023-09-06,ALNX,$241.11,$244.11,$235.54,$243.28,1091323,Technology,
2023-02-01,ALNX,$160.22,$164.03,$159.76,$162.42,1845432,Technology,Sell
2023-08-01,BRTV,$107.79,$108.58,$105.20,$105.40,4138456,Finance,
2023-05-03,ALNX,$197.87,$200.15,$193.52,$195.08,3872985,Technology,Sell
2023-07-12,ALNX,$202.96,$207.41,$198.80,$201.61,4638211,Technology,Buy
2023-01-06,CMPX,$210.01,$210.55,$209.36,$210.03,3439709,Healthcare,Hold
2023-07-15,BRTV,$114.82,$116.49,$114.08,$115.27,1749682,Finance,
2023-02-22,ALNX,$152.37,$152.72,$149.63,$152.55,4917788,Technology,Buy
2023-02-02,BRTV,$79.86,$81.23,$78.84,$80.74,2223474,Finance,Buy
2023-07-07,BRTV,$114.66,$116.10,$112.61,$115.82,1520202,Finance,Buy
2023-02-24,ALNX,$154.58,$154.96,$154.28,$154.35,2543051,Technology,Hold
2023-02-24,CMPX,$237.77,$241.94,$234.51,$234.75,3216798,Healthcare,Sell
2023-07-18,CMPX,$259.93,$260.92,$258.50,$259.01,3741304,Healthcare,
2023-08-15,BRTV,$109.67,$111.98,$107.79,$108.17,2882210,Finance,Sell
2023-02-10,ALNX,$165.63,$165.90,$164.04,$164.29,4673007,Technology,Hold
2023-02-16,ALNX,$164.95,$168.02,$164.65,$165.56,4855871,Technology,Strong Buy
2023-06-30,ALNX,$195.59,$197.05,$191.96,$192.70,2202637,Technology,Strong Buy
2023-03-29,ALNX,$188.22,$190.89,$184.98,,3273781,Technology,Strong Buy
2023-07-29,ALNX,$215.81,$216.31,$215.07,$216.25,4951419,Technology,Strong Buy
2023-08-12,ALNX,$243.03,$248.67,$239.25,$247.09,3536796,Technology,Sell
2023-02-02,CMPX,$214.36,$217.99,$212.19,$212.73,2770220,Healthcare,Sell
2023-09-07,BRTV,$105.39,$107.80,$105.07,$105.25,4055611,Finance,
CORRUPT,,,,,,,,
2023-07-26,CMPX,$249.50,$252.04,$247.64,$248.09,3428582,Healthcare,Sell
2023-03-23,BRTV,$77.05,$77.48,$75.35,,4614445,Finance,Buy
2023-05-06,BRTV,$76.98,$77.18,$75.79,$76.79,4815333,Finance,
2023-09-15,BRTV,$107.47,$107.92,$105.23,$107.38,,Finance,Sell
2023-05-05,CMPX,$203.23,$204.03,$199.13,$199.81,4944156,Healthcare,Buy
2023-06-24,ALNX,$205.19,$206.94,$204.80,$206.06,4141149,Technology,Buy
2023-04-20,CMPX,$213.08,$214.11,$210.05,$212.13,4469785,Healthcare,Buy
2023-03-11,BRTV,$75.36,$75.70,$74.44,$75.15,2310426,Finance,Hold
2023-08-16,CMPX,$264.03,$266.83,$261.78,$266.51,1504973,Healthcare,
2023-01-12,CMPX,$215.46,$218.43,$210.72,$215.81,2185185,Healthcare,Sell
2023-01-18,ALNX,$149.65,$152.87,$146.26,$150.57,923797,Technology,Buy
2023-02-10,BRTV,$78.33,$79.12,$76.77,$77.54,3980341,Finance,Sell
2023-03-16,ALNX,$181.51,$182.69,$180.47,$180.96,2394942,Technology,
2023-05-23,BRTV,$85.76,$87.81,$84.56,$86.29,3771974,Finance,Sell
2023-05-02,CMPX,$206.34,$210.51,$204.55,$210.23,1997720,Healthcare,
2023-07-22,CMPX,$257.09,$262.64,$253.39,$253.40,4388640,Healthcare,Hold
2023-01-26,BRTV,$83.73,$84.68,$81.72,$82.80,1134662,Finance,Sell
2023-07-27,BRTV,$114.29,$115.95,$113.11,$113.58,3745976,Finance,Hold
2023-03-17,ALNX,$177.13,$178.56,$175.88,$176.35,1908636,Technology,
2023-03-24,CMPX,$236.03,$237.09,$230.87,$232.43,2263787,Healthcare,Buy
2023-06-16,BRTV,$99.46,$100.44,$97.96,$99.36,2656181,Finance,Hold
2023-02-24,BRTV,$82.14,$82.38,$80.56,$81.56,2113090,Finance,Buy
2023-03-02,BRTV,$77.08,$77.62,$75.37,$77.11,809655,Finance,
2023-06-27,ALNX,$200.34,$201.66,$195.70,$199.31,4127786,Technology,Sell
2023-05-31,CMPX,$231.27,$232.81,$229.67,$232.67,3332905,Healthcare,
2023-07-22,BRTV,$119.35,$121.65,$116.50,$119.72,4655251,Finance,Buy
2023-06-13,BRTV,$95.05,$95.83,$94.29,$95.53,1283384,Finance,
2023-01-06,ALNX,$152.68,$154.79,$149.76,$152.09,3064486,Technology,
2023-02-16,BRTV,$79.19,$80.66,$77.72,$80.22,1526981,Finance,Sell
2023-08-17,ALNX,$252.65,$258.47,$246.79,$258.44,2458850,Technology,Strong Buy
2023-07-01,ALNX,$200.42,$202.45,$199.56,$200.83,4412270,Technology,
2023-03-18,CMPX,$233.14,$237.14,$230.58,,3916146,Healthcare,Buy
2023-01-05,BRTV,$86.90,$88.77,$86.53,$87.38,4603481,Finance,Sell
2023-03-31,CMPX,$237.37,$239.60,$234.60,$235.17,3136799,Healthcare,
2023-06-24,CMPX,$217.28,$218.23,$217.00,$217.89,3701279,Healthcare,Buy
2023-08-12,BRTV,$112.76,$113.50,$112.49,$112.63,1714130,Finance,Hold
2023-05-10,ALNX,$195.40,$198.57,$193.10,$193.78,3340276,Technology,
2023-01-11,BRTV,$86.74,$87.88,$84.79,$86.72,2468587,Finance,Hold
2023-08-11,ALNX,$237.03,$242.37,$234.06,$239.88,3924689,Technology,Strong Buy
2023-04-04T00:00:00,BRTV,$74.43,$74.79,$73.13,$73.67,1512671,Finance,Buy
2023-04-26,BRTV,$75.61,$75.76,$74.42,$74.92,936249,Finance,Sell
2023-07-26,ALNX,$206.54,$209.11,$202.03,$203.63,4533491,Technology,Buy
2023-04-07,CMPX,$226.04,$226.84,$222.75,$224.39,1459739,Healthcare,Strong Buy
2023-04-14,ALNX,$207.63,$208.10,$205.58,$206.42,3565646,Technology,Buy
2023-08-04,ALNX,$220.85,$221.23,$219.61,$220.05,1335797,Technology,Sell
2023-04-15,ALNX,$209.43,$214.35,$205.75,$208.99,3555461,Technology,Hold
2023-08-30,ALNX,$243.23,$247.75,$242.81,$247.18,4936271,Technology,Strong Buy
2023-02-02,ALNX,$161.12,$161.28,$158.20,$159.52,3503222,Technology,Strong Buy
2023-01-24,ALNX,$149.15,$152.28,$147.94,$150.59,865624,Technology,
2023-07-07,ALNX,$208.00,$210.52,$206.19,$209.18,2064540,Technology,Sell
2023-07-04,ALNX,$204.60,$206.40,$200.86,$205.21,3861972,Technology,Buy
2023-07-08,ALNX,$208.29,$210.88,$205.27,$209.18,3475206,Technology,Buy
2023-04-28,BRTV,$75.93,$77.43,$75.61,$76.21,1844172,Finance,Sell
2023-02-09,ALNX,$164.53,$166.85,$162.80,$163.69,2640642,Technology,Sell
2023-07-04,BRTV,$107.20,$107.82,$107.09,$107.22,1025788,Finance,Strong Buy
2023-05-19,BRTV,$84.26,$85.09,$83.52,$85.06,3380988,Finance,Buy
2023-02-10,CMPX,$223.43,$228.11,$219.20,$219.93,962598,Healthcare,
2023-07-06,ALNX,$209.19,$213.99,$204.51,$206.86,3778029,Technology,Hold
2023-07-01,CMPX,$235.79,$241.51,$231.54,$238.47,4918867,Healthcare,
2023-02-21,CMPX,$243.16,$245.51,$238.84,$243.56,1861854,Healthcare,Sell
2023-03-08,CMPX,$230.74,$235.36,$228.58,$229.61,1110543,Healthcare,Hold
2023/04/20,ALNX,$201.03,$205.89,$199.95,$204.71,1960971,Technology,Sell
2023-01-03,CMPX,$211.33,$214.84,$208.81,$210.14,3133632,Healthcare,Buy
2023-01-14,CMPX,$216.93,$221.35,$212.50,$213.36,4415919,Healthcare,Sell
2023-08-23,CMPX,$268.85,$272.28,$262.71,$264.94,2635502,Healthcare,Buy
2023-03-17,BRTV,$77.67,$78.43,$76.66,$77.14,2180298,Finance,Sell
2023-02-14,ALNX,$162.73,$166.66,$161.47,$165.51,2173767,Technology,Sell
2023-06-01,CMPX,$233.93,$239.44,$230.15,$232.20,1920456,Healthcare,Strong Buy
2023-03-22,CMPX,$227.12,$232.53,$221.62,$225.66,4519366,Healthcare,Strong Buy
2023-04-28,ALNX,$191.84,$195.79,$189.22,$189.46,2403091,Technology,Sell
2023-01-20,CMPX,$219.87,$223.07,$216.04,$217.87,3435565,Healthcare,Hold
2023-07-06,CMPX,$251.88,$254.73,$245.65,$248.00,2654148,Healthcare,Strong Buy
2023-02-14,CMPX,$233.52,$234.87,$231.00,$234.21,2837168,Healthcare,Buy
2023-06-22,ALNX,$198.65,$200.74,$195.46,$197.60,2840175,Technology,Hold
2023-07-27,ALNX,$212.17,$213.08,$210.80,$212.52,1916911,Technology,Hold
2023-03-17,CMPX,$229.98,$235.42,$229.57,$231.30,3641349,Healthcare,Buy
2023-02-04,BRTV,$81.85,$83.51,$81.12,$83.48,3461688,Finance,Strong Buy
2023-04-21,ALNX,$207.36,$208.67,$204.42,$205.91,1023725,Technology,Strong Buy
2023-08-05,CMPX,$275.11,$280.10,$272.56,$274.25,2882582,Healthcare,Strong Buy
2023-08-03,BRTV,$107.77,$108.23,$105.11,$106.66,3708373,Finance,
2023-05-18,ALNX,$177.14,$179.48,$174.84,$175.05,1949544,Technology,Sell
2023-04-08,CMPX,$222.73,$223.74,$218.22,$221.55,1432109,Healthcare,Hold
2023-03-24,BRTV,$75.82,$77.48,$1.42.50,$74.96,823786,Finance,Sell
2023-02-18,ALNX,$160.17,$160.40,$157.30,$158.55,2840991,Technology,Sell
2023-02-03,BRTV,$81.88,$82.10,$80.65,$81.56,2431040,Finance,Strong Buy
2023-02-07,CMPX,$215.15,$219.98,$210.19,$211.67,4013132,Healthcare,Hold
2023-07-25,CMPX,$256.00,$258.13,$253.90,$254.89,1565034,Healthcare,Buy
2023-07-28,BRTV,$113.19,$113.68,$111.11,$111.33,3190088,Finance,Buy
2023-08-24,BRTV,$113.15,$115.76,$112.61,$113.63,983818,Finance,Hold
2023-04-11,BRTV,$72.22,$74.00,$70.97,$73.91,3451965,Finance,Hold
2023-03-14,CMPX,$223.77,$229.16,$221.88,$225.21,3334380,Healthcare,Hold
2023-05-09,BRTV,$76.83,$78.59,$75.01,$75.45,2083586,Finance,Sell
2023-04-04,ALNX,$185.57,$190.08,$181.34,$185.98,3955747,Technology,Strong Buy
2023-06-14,ALNX,$198.78,$199.36,$195.96,$197.22,2397875,Technology,Buy
2023-07-28,ALNX,$218.17,$219.12,$213.36,$217.56,3748894,Technology,Strong Buy
2023-01-31,BRTV,$79.73,$80.47,$79.24,$79.78,1770107,Finance,Strong Buy
2023-05-02,BRTV,$76.63,$77.21,$76.52,$77.17,1429490,Finance,Strong Buy
2023-09-02,BRTV,$108.70,$109.85,$107.26,$108.97,1564511,Finance,
2023-08-02,CMPX,$267.50,$272.45,$266.25,$266.61,1523205,Healthcare,Strong Buy
2023-04-25,BRTV,$73.64,$74.60,$72.75,$73.92,2829524,Finance,Hold
2023-09-08,ALNX,$237.78,$242.48,$232.48,$233.98,1640572,Technology,Buy
2023-05-30,CMPX,$234.33,$234.64,$230.37,$231.63,2420354,Healthcare,Hold
2023-08-16,ALNX,$250.62,$256.01,$247.70,$252.27,1594613,Technology,Strong Buy
05-20-2023,ALNX,$177.10,$178.00,$175.35,$176.99,3989267,Technology,Hold
2023-05-20,BRTV,$86.23,$86.82,$85.26,$86.35,2400414,Finance,Buy
2023-06-02,ALNX,$184.92,$188.42,$182.99,$185.25,4749592,Technology,
2023-07-27,CMPX,$252.20,$253.37,$248.39,$251.81,2622380,Healthcare,Buy
2023-01-14,ALNX,--,$149.08,$143.85,$148.59,3571835,Technology,Buy
2023-04-25,ALNX,$197.21,$198.54,$195.30,$197.32,1326864,Technology,Buy
2023-01-31,ALNX,$160.53,$161.70,$158.75,$161.65,1120924,Technology,Buy
2023-07-25,ALNX,$212.91,$217.77,$212.09,$213.80,3098641,Technology,Buy
2023-04-22,ALNX,$201.66,$206.30,$198.91,$205.05,4735180,Technology,Strong Buy
2023-03-14,ALNX,$171.87,$173.94,$168.62,$169.98,878831,Technology,Strong Buy
2023-05-20,CMPX,$225.78,$228.28,$222.37,$223.57,4756113,Healthcare,Buy
2023-03-04,BRTV,$76.57,$77.41,$75.54,$76.42,4631802,Finance,
2023-03-31,BRTV,$72.27,$72.95,$71.47,$71.78,4844897,Finance,Hold
2023-06-09,ALNX,$200.59,$201.28,$195.74,$199.05,1208326,Technology,Hold
2023-07-21,BRTV,$116.08,$116.20,$115.33,$115.97,4645751,Finance,Sell
2023-05-27,CMPX,$230.48,$230.76,$227.86,$228.17,3610536,Healthcare,Sell
2023-04-19,ALNX,$200.17,$202.12,$198.62,$202.01,3190148,Technology,Strong Buy
2023-06-21,ALNX,$201.19,$203.96,$198.15,$198.25,3104692,Technology,
2023-09-07,ALNX,$235.85,$238.48,$235.55,$236.83,2040492,Technology,
2023-02-14,BRTV,$78.96,$79.09,$77.58,$78.60,3948302,Finance,Strong Buy
2023-06-10,BRTV,$92.71,$93.47,$90.53,$93.32,2269123,Finance,Strong Buy
2023-03-30,BRTV,$71.62,$71.84,$70.57,$71.52,3925988,Finance,Hold
2023-05-05T00:00:00,ALNX,$199.57,$204.40,$199.31,$202.71,1344748,Technology,
2023-03-03,CMPX,$228.01,$231.26,$222.82,$231.19,1751780,Healthcare,Strong Buy
2023-08-15,CMPX,$268.62,$269.20,$263.83,$268.23,2258508,Healthcare,Buy
2023-02-17,ALNX,$160.31,$163.74,$157.00,,2967217,Technology,Sell
2023-05-23,ALNX,$179.91,$182.33,$177.83,$182.32,4812866,Technology,
2023-03-29,CMPX,$230.15,$231.64,$226.27,$228.71,4289574,Healthcare,Buy
2023/03/24,ALNX,$188.90,$192.66,$185.11,$191.38,2537761,Technology,
2023-05-25,BRTV,$85.24,$86.47,$83.66,$83.97,2807243,Finance,Hold
2023-09-01,ALNX,$240.73,$245.14,$238.93,$240.58,3161586,Technology,Sell
2023-06-22,BRTV,$105.75,$107.96,$103.31,$107.92,1065788,Finance,Buy
2023-08-17,BRTV,$109.53,$109.88,$109.02,$109.72,1827836,Finance,Buy
2023-04-18,CMPX,$215.41,$217.57,$210.86,$216.44,2188643,Healthcare,Strong Buy
2023-06-15,ALNX,$205.18,$205.46,$204.67,$205.43,1784119,Technology,Strong Buy
2023-04-01,CMPX,$235.67,$236.93,$230.59,$234.76,1383724,Healthcare,Hold
2023-01-19,ALNX,$149.27,$152.85,$149.10,$151.18,4882495,Technology,Hold
2023-07-06,BRTV,$110.80,$111.03,$110.65,$110.91,4152236,Finance,Sell
2023-07-14,ALNX,$204.99,$206.62,$200.79,$205.70,1249723,Technology,Sell
2023-07-20,CMPX,$256.38,$260.53,$253.83,$256.34,1433476,Healthcare,Buy
2023-05-05,BRTV,$74.92,$76.60,$74.58,$76.02,2260381,Finance,Sell
2023-05-23,CMPX,$227.96,$229.24,$223.61,$226.75,2686321,Healthcare,Sell
2023-08-26,CMPX,$268.41,$274.61,$267.93,$269.41,1673339,Healthcare,Strong Buy
2023-01-13,CMPX,$212.47,$213.01,$207.27,$210.45,2647317,Healthcare,Buy
2023-03-09,CMPX,$230.86,$236.46,$226.96,$233.54,1473733,Healthcare,Sell
2023-09-10,ALNX,$150.00,$152.00,$149.00,$151.00,not_a_number,Technology,Hold
2023-06-03,ALNX,$190.23,$191.34,$187.92,$188.48,4506427,Technology,Buy
2023-07-13,CMPX,$255.43,$256.82,$252.94,$255.63,2253198,Healthcare,
2023-01-28,BRTV,$79.04,$79.49,$77.69,$79.25,3141470,Finance,Sell
2023/04/27,ALNX,$192.63,$195.35,$191.58,$192.24,4697539,Technology,Strong Buy
2023-09-06,BRTV,$106.80,$108.23,$105.59,$108.18,2036880,Finance,Buy
2023-03-15,ALNX,$177.87,$181.69,$173.88,$176.86,3811167,Technology,
2023-04-01,ALNX,$182.26,$184.32,$180.16,$183.35,1020233,Technology,
24/05/2023,CMPX,$233.25,$238.83,$231.92,$233.93,3212818,Healthcare,Buy
2023-05-06,ALNX,$198.26,$201.18,$195.53,$201.08,1888599,Technology,
2023-09-16,CMPX,$273.80,$278.08,$268.92,$269.91,1335504,Healthcare,Sell
2023-06-06,CMPX,$227.06,$229.52,$225.57,$228.60,4326251,Healthcare,Sell
2023-05-13,BRTV,$81.54,$83.39,$81.09,$83.24,3423242,Finance,Hold
